source,site_id,site_name,lat,lon,stage_ft,stage_datetime,tier,action_stage,flood_stage,major_stage,url,city_lat,city_lon,fetched_at,flood_event_count,nearest_flood_miles,nearest_flood_title,article_id,title,source,outlet_city,outlet_region,published_at,url,mention_text,flood_type,confidence,lat,lon,osm_display,osm_type,osm_id,run_at,distance_miles
Boston 25 News,8454000,Providence,41.7962409,-71.5992372,2.702,2026-06-27 19:12,normal,9.33,10.33,12.33,https://www.boston25news.com/news/local/flash-flood-warning-issued-parts-massachusetts-rhode-island-this-morning/ULNNFCVUZNHK3KFPTHDRJWGLDU/,41.7962409,-71.5992372,2026-06-27T18:04:31.945087+00:00,4,10.25,"Flash flood warning issued for parts of Massachusetts, Rhode Island this morning",https://www.boston25news.com/news/local/flash-flood-warning-issued-parts-massachusetts-rhode-island-this-morning/ULNNFCVUZNHK3KFPTHDRJWGLDU/,"Flash flood warning issued for parts of Massachusetts, Rhode Island this morning",Boston 25 News,,,2026-06-23T11:05:58Z,https://www.boston25news.com/news/local/flash-flood-warning-issued-parts-massachusetts-rhode-island-this-morning/ULNNFCVUZNHK3KFPTHDRJWGLDU/,Rhode Island,flash_flood,0.9,41.7962409,-71.5992372,"Rhode Island, United States",administrative,392915,2026-06-24T09:31:57.183843+00:00,10.25
Yahoo,8454000,Providence,41.7962409,-71.5992372,2.702,2026-06-27 19:12,normal,9.33,10.33,12.33,https://www.yahoo.com/news/weather-news/articles/flash-flood-warning-issued-parts-102058838.html,41.7962409,-71.5992372,2026-06-27T18:04:31.945087+00:00,4,10.25,"Flash flood warning issued for parts of Massachusetts, Rhode Island this morning",https://www.yahoo.com/news/weather-news/articles/flash-flood-warning-issued-parts-102058838.html,"Flash flood warning issued for parts of Massachusetts, Rhode Island this morning",Yahoo,,,2026-06-23T11:05:58Z,https://www.yahoo.com/news/weather-news/articles/flash-flood-warning-issued-parts-102058838.html,Rhode Island,flash_flood,0.9,41.7962409,-71.5992372,"Rhode Island, United States",administrative,392915,2026-06-24T09:31:57.183843+00:00,10.25
MassLive,8454000,Providence,42.3588336,-71.0578303,2.702,2026-06-27 19:12,normal,9.33,10.33,12.33,https://www.masslive.com/weather/2026/06/high-tides-storm-surge-may-splash-over-boston-as-12-foot-waves-peak.html,41.7962409,-71.5992372,2026-06-27T18:04:31.945087+00:00,4,10.25,"Flash flood warning issued for parts of Massachusetts, Rhode Island this morning",https://www.masslive.com/weather/2026/06/high-tides-storm-surge-may-splash-over-boston-as-12-foot-waves-peak.html,"High tides, storm surge may splash over Boston as 12-foot waves peak",MassLive,,,2026-06-15T10:53:00Z,https://www.masslive.com/weather/2026/06/high-tides-storm-surge-may-splash-over-boston-as-12-foot-waves-peak.html,Boston,unknown,0.0,42.3588336,-71.0578303,"Boston, Suffolk County, Massachusetts, United States",administrative,2315704,2026-06-15T12:09:04.616364+00:00,41.97
The Post-Crescent,8454000,Providence,41.3556187,-72.0997804,2.702,2026-06-27 19:12,normal,9.33,10.33,12.33,https://www.postcrescent.com/story/weather/2026/04/04/flood-warning-issued-for-wolf-river-in-new-london-april-4-to-10/89466300007/,41.7962409,-71.5992372,2026-06-27T18:04:31.945087+00:00,4,10.25,"Flash flood warning issued for parts of Massachusetts, Rhode Island this morning",https://www.postcrescent.com/story/weather/2026/04/04/flood-warning-issued-for-wolf-river-in-new-london-april-4-to-10/89466300007/,Flood warning issued for Wolf River in New London April 4 to 10,The Post-Crescent,,,2026-04-04T19:40:00Z,https://www.postcrescent.com/story/weather/2026/04/04/flood-warning-issued-for-wolf-river-in-new-london-april-4-to-10/89466300007/,New London,unknown,0.0,41.3556187,-72.0997804,"New London, Southeastern Connecticut Planning Region, Connecticut, 06320, United States",administrative,4836510,2026-04-05T07:11:27.507350+00:00,47.74
Boston 25 News,8454000,Providence,41.7962409,-71.5992372,2.702,2026-06-27 19:12,normal,9.33,10.33,12.33,https://www.boston25news.com/news/local/flash-flood-warning-issued-parts-massachusetts-rhode-island-this-morning/ULNNFCVUZNHK3KFPTHDRJWGLDU/,41.7962409,-71.5992372,2026-06-27T18:04:31.945087+00:00,4,10.25,"Flash flood warning issued for parts of Massachusetts, Rhode Island this morning",https://www.boston25news.com/news/local/flash-flood-warning-issued-parts-massachusetts-rhode-island-this-morning/ULNNFCVUZNHK3KFPTHDRJWGLDU/,"Flash flood warning issued for parts of Massachusetts, Rhode Island this morning",Boston 25 News,,,2026-06-23T11:05:58Z,https://www.boston25news.com/news/local/flash-flood-warning-issued-parts-massachusetts-rhode-island-this-morning/ULNNFCVUZNHK3KFPTHDRJWGLDU/,Rhode Island,flash_flood,0.9,41.7962409,-71.5992372,"Rhode Island, United States",administrative,392915,2026-06-24T09:31:57.183843+00:00,10.25
Yahoo,8454000,Providence,41.7962409,-71.5992372,2.702,2026-06-27 19:12,normal,9.33,10.33,12.33,https://www.yahoo.com/news/weather-news/articles/flash-flood-warning-issued-parts-102058838.html,41.7962409,-71.5992372,2026-06-27T18:04:31.945087+00:00,4,10.25,"Flash flood warning issued for parts of Massachusetts, Rhode Island this morning",https://www.yahoo.com/news/weather-news/articles/flash-flood-warning-issued-parts-102058838.html,"Flash flood warning issued for parts of Massachusetts, Rhode Island this morning",Yahoo,,,2026-06-23T11:05:58Z,https://www.yahoo.com/news/weather-news/articles/flash-flood-warning-issued-parts-102058838.html,Rhode Island,flash_flood,0.9,41.7962409,-71.5992372,"Rhode Island, United States",administrative,392915,2026-06-24T09:31:57.183843+00:00,10.25
MassLive,8454000,Providence,42.3588336,-71.0578303,2.702,2026-06-27 19:12,normal,9.33,10.33,12.33,https://www.masslive.com/weather/2026/06/high-tides-storm-surge-may-splash-over-boston-as-12-foot-waves-peak.html,41.7962409,-71.5992372,2026-06-27T18:04:31.945087+00:00,4,10.25,"Flash flood warning issued for parts of Massachusetts, Rhode Island this morning",https://www.masslive.com/weather/2026/06/high-tides-storm-surge-may-splash-over-boston-as-12-foot-waves-peak.html,"High tides, storm surge may splash over Boston as 12-foot waves peak",MassLive,,,2026-06-15T10:53:00Z,https://www.masslive.com/weather/2026/06/high-tides-storm-surge-may-splash-over-boston-as-12-foot-waves-peak.html,Boston,unknown,0.0,42.3588336,-71.0578303,"Boston, Suffolk County, Massachusetts, United States",administrative,2315704,2026-06-15T12:09:04.616364+00:00,41.97
The Post-Crescent,8454000,Providence,41.3556187,-72.0997804,2.702,2026-06-27 19:12,normal,9.33,10.33,12.33,https://www.postcrescent.com/story/weather/2026/04/04/flood-warning-issued-for-wolf-river-in-new-london-april-4-to-10/89466300007/,41.7962409,-71.5992372,2026-06-27T18:04:31.945087+00:00,4,10.25,"Flash flood warning issued for parts of Massachusetts, Rhode Island this morning",https://www.postcrescent.com/story/weather/2026/04/04/flood-warning-issued-for-wolf-river-in-new-london-april-4-to-10/89466300007/,Flood warning issued for Wolf River in New London April 4 to 10,The Post-Crescent,,,2026-04-04T19:40:00Z,https://www.postcrescent.com/story/weather/2026/04/04/flood-warning-issued-for-wolf-river-in-new-london-april-4-to-10/89466300007/,New London,unknown,0.0,41.3556187,-72.0997804,"New London, Southeastern Connecticut Planning Region, Connecticut, 06320, United States",administrative,4836510,2026-04-05T07:11:27.507350+00:00,47.74
,9454240,Valdez,,,5.918,2026-06-27 19:06,normal,19.89,20.89,22.89,,65.538809,-144.708313,2026-06-27T18:04:31.945087+00:00,0,,,,,,,,,,,,,,,,,,,
